,affordable,available,average,bad,beef,big,bit,bowl,bread,cheap,chicken,clean,cook,customer,day,decent,delicious,dessert,didn,different,dinner,dish,don,drink,english,environment,excellent,expensive,family,fast,favorite,flavor,food,free,fresh,fried,friend,friendly,great,high,hot,hsinchu,large,little,local,long,lot,meal,meat,menu,nice,noodle,ok,okay,option,order,parking,pasta,people,perfect,place,pork,portion,price,quick,restaurant,rice,roll,salty,sauce,service,shop,small,soup,special,spicy,staff,store,sweet,taiwan,taste,tasty,tea,time,value,vegetable,vegetarian,worth
0,0.0,0.0,0.4562205685435088,0.0,0.0,0.0,0.16118652933350594,0.0,0.0,0.19401986080936226,0.0,0.0,0.0,0.0,0.0,0.0,0.0,0.0,0.0,0.0,0.0,0.0,0.0,0.0,0.0,0.0,0.0,0.0,0.0,0.0,0.2281102842717544,0.0,0.20103539303436513,0.0,0.19401986080936226,0.0,0.0,0.0,0.0,0.0,0.0,0.0,0.0,0.0,0.0,0.0,0.0,0.0,0.0,0.0,0.2317477958815887,0.0,0.17583050853186827,0.0,0.0,0.18745713444558804,0.0,0.0,0.0,0.0,0.11347929131976084,0.0,0.156875426091643,0.12355073279198216,0.0,0.1383873654110502,0.16118652933350594,0.4562205685435088,0.0,0.0,0.4151620962331506,0.0,0.0,0.0,0.0,0.0,0.0,0.0,0.0,0.0,0.0,0.0,0.0,0.0,0.0,0.0,0.0,0.0
1,0.0,0.0,0.0,0.0,0.601958389278045,0.0,0.285766277935703,0.0,0.0,0.0,0.0,0.0,0.0,0.0,0.0,0.20220742752119075,0.05723791658248758,0.0,0.0,0.0,0.0,0.06953078957521097,0.0,0.0,0.0,0.0,0.0,0.0,0.0,0.0,0.0,0.08040951315801322,0.04455175025971423,0.0,0.17198811122229857,0.0,0.0,0.07144156948392574,0.0,0.0,0.0,0.0,0.0,0.08308530465373223,0.10110371376059538,0.0,0.0,0.0,0.07793211718506973,0.0,0.051357971198588134,0.42864941690355446,0.07793211718506973,0.0,0.0,0.08308530465373223,0.0,0.0,0.0,0.10110371376059538,0.0,0.0,0.06953078957521097,0.0,0.0,0.0,0.0,0.3033111412817861,0.0,0.0927023861507366,0.06133645672868167,0.0,0.15586423437013947,0.12875520421309697,0.0,0.08308530465373223,0.0,0.16081902631602643,0.08308530465373223,0.0,0.16428156182863227,0.11982741615641318,0.0,0.0,0.0,0.0,0.0,0.0
2,0.0,0.0,0.0,0.0,0.0,0.1968550924323517,0.1576990380244657,0.0,0.0,0.0,0.0,0.0,0.1968550924323517,0.0,0.0,0.0,0.1263461098179516,0.2231748058717298,0.20462984259931447,0.0,0.0,0.15348121140534873,0.0,0.0,0.0,0.2231748058717298,0.21332127382872143,0.0,0.0,0.0,0.0,0.0,0.3933714339713078,0.0,0.0,0.0,0.0,0.1576990380244657,0.1386733442142298,0.0,0.0,0.0,0.0,0.0,0.0,0.0,0.0,0.15348121140534873,0.0,0.16217264263475567,0.11336680746813452,0.0,0.0,0.0,0.0,0.0,0.2231748058717298,0.0,0.0,0.0,0.0,0.0,0.0,0.1208775434837983,0.0,0.1353931652372042,0.0,0.0,0.42664254765744286,0.0,0.2707863304744084,0.20462984259931447,0.0,0.0,0.0,0.0,0.17202617467776404,0.0,0.0,0.0,0.0,0.0,0.0,0.0,0.0,0.0,0.0,0.0
3,0.0,0.26027030799247497,0.0,0.0,0.0,0.0,0.0,0.0,0.0,0.0,0.0,0.0,0.0,0.0,0.0,0.0,0.0,0.0,0.2903964629562893,0.0,0.0,0.0,0.0,0.3027307386170969,0.0,0.0,0.0,0.0,0.0,0.0,0.0,0.0,0.13956135576592335,0.0,0.0,0.0,0.0,0.0,0.19679558052041063,0.0,0.0,0.0,0.0,0.0,0.0,0.0,0.0,0.0,0.0,0.23014415302866065,0.0,0.0,0.0,0.0,0.31671418705535354,0.26027030799247497,0.31671418705535354,0.0,0.0,0.0,0.15755756744022437,0.0,0.0,0.0,0.2903964629562893,0.0,0.0,0.0,0.0,0.0,0.19214057829447917,0.0,0.0,0.0,0.0,0.0,0.0,0.0,0.0,0.3027307386170969,0.0,0.0,0.0,0.19679558052041063,0.0,0.0,0.31671418705535354,0.0
4,0.0,0.13236882788342016,0.0,0.16107517618098613,0.0,0.0,0.11381840451991856,0.2953809039494926,0.0,0.0,0.0,0.0,0.0,0.0,0.0,0.0,0.0,0.16107517618098613,0.0,0.0,0.1420790692381732,0.22154842318354476,0.0,0.1539634441750679,0.4110088683057439,0.0,0.0,0.0,0.13700295610191462,0.0,0.0,0.0,0.28391364690113463,0.0,0.0,0.16107517618098613,0.1539634441750679,0.11381840451991856,0.0,0.0,0.0,0.0,0.0,0.13236882788342016,0.0,0.0,0.0,0.11077421159177238,0.0,0.23409440758418798,0.0,0.0,0.0,0.16107517618098613,0.16107517618098613,0.0,0.0,0.0,0.0,0.0,0.2403928902273602,0.24831787159602442,0.0,0.08724269541503829,0.0,0.0,0.0,0.0,0.0,0.0,0.0,0.0,0.24831787159602442,0.10256431950636447,0.0,0.0,0.24831787159602442,0.0,0.0,0.0,0.0,0.09545258750044623,0.0,0.0,0.0,0.0,0.0,0.0
5,0.0,0.0,0.0,0.1910008850864156,0.0,0.0,0.0,0.0,0.0,0.0,0.0,0.1751294502033839,0.0,0.0,0.0,0.0,0.10813146541426485,0.1910008850864156,0.0,0.0,0.0,0.0,0.0,0.0,0.0,0.0,0.18256788417445935,0.0,0.1624563542027028,0.0,0.0,0.0,0.2524958801781681,0.0,0.1624563542027028,0.0,0.18256788417445935,0.13496440927683012,0.237363096424373,0.0,0.0,0.0,0.0,0.0,0.0,0.0,0.15190627140478113,0.13135464421286763,0.0,0.0,0.2910699594596735,0.0,0.0,0.0,0.1910008850864156,0.0,0.0,0.0,0.1569612641936635,0.1910008850864156,0.28505481658028037,0.0,0.0,0.0,0.0,0.0,0.0,0.0,0.0,0.0,0.0,0.0,0.0,0.0,0.0,0.0,0.44167823728769795,0.0,0.0,0.18256788417445935,0.10345127310538305,0.0,0.0,0.1186815482121865,0.18256788417445935,0.0,0.1910008850864156,0.0
6,0.0,0.0,0.0,0.0,0.0,0.0,0.09833283350419267,0.0,0.0,0.0,0.11836300929340621,0.0,0.0,0.11836300929340621,0.0,0.0,0.5514795648336499,0.13916008178002126,0.12759641716511808,0.26603187394266326,0.24549698300125042,0.0,0.0,0.0,0.0,0.0,0.0,0.0,0.0,0.0,0.0,0.0,0.24528575574446462,0.0,0.0,0.0,0.13301593697133163,0.09833283350419267,0.0,0.0,0.0,0.0,0.11836300929340621,0.22871875542988504,0.0,0.12274849150062521,0.0,0.19140563691710685,0.0,0.0,0.21206875216201007,0.19666566700838534,0.0,0.0,0.0,0.0,0.0,0.13301593697133163,0.0,0.0,0.0692287395582023,0.0,0.09570281845855343,0.0,0.0,0.0,0.0,0.0,0.0,0.25519283433023615,0.0,0.0,0.1072664830734566,0.0,0.11836300929340621,0.0,0.0,0.11067639368280037,0.11435937771494252,0.0,0.07537288436689193,0.0,0.22135278736560074,0.0,0.0,0.0,0.0,0.0
7,0.0,0.0,0.0,0.0,0.0,0.0,0.0,0.0,0.0,0.0,0.0,0.0,0.0,0.0,0.0,0.0,0.0,0.0,0.0,0.0,0.0,0.23897999118276736,0.0,0.0,0.0,0.0,0.0,0.0,0.0,0.0,0.0,0.0,0.6125042991336436,0.0,0.0,0.0,0.0,0.0,0.0,0.0,0.0,0.0,0.0,0.0,0.0,0.0,0.0,0.0,0.0,0.0,0.0,0.0,0.0,0.0,0.0,0.0,0.0,0.0,0.0,0.0,0.3457428701826209,0.0,0.0,0.0,0.0,0.2108157548296914,0.0,0.0,0.0,0.0,0.4216315096593828,0.0,0.0,0.0,0.0,0.0,0.0,0.0,0.0,0.0,0.18821401011528627,0.20592571313703892,0.0,0.21592320176622343,0.0,0.0,0.0,0.3186216575458371
8,0.0,0.0,0.0,0.0,0.0,0.0,0.0,0.0,0.0,0.0,0.0,0.0,0.0,0.0,0.0,0.0,0.0,0.0,0.0,0.0,0.0,0.0,0.0,0.0,0.0,0.0,0.0,0.23383166041022932,0.0,0.0,0.0,0.20282422875224998,0.2247538638427608,0.0,0.0,0.2550230931902794,0.0,0.0,0.0,0.0,0.0,0.0,0.0,0.0,0.0,0.0,0.0,0.0,0.0,0.0,0.0,0.0,0.0,0.2550230931902794,0.0,0.0,0.0,0.0,0.0,0.2550230931902794,0.0,0.0,0.0,0.1381274419219093,0.0,0.0,0.36040713747272596,0.5100461863805588,0.0,0.23383166041022932,0.0,0.0,0.0,0.0,0.0,0.0,0.0,0.0,0.4191472420414626,0.0,0.1381274419219093,0.0,0.0,0.0,0.0,0.0,0.0,0.0
9,0.08600005599332215,0.0,0.0,0.0,0.0,0.0,0.0,0.0,0.0,0.0,0.0,0.08249612242413085,0.0793617470395654,0.15305271922363603,0.0,0.0,0.15280856415108246,0.0,0.08249612242413085,0.0,0.1587234940791308,0.0,0.0,0.0,0.0,0.0,0.08600005599332215,0.08249612242413085,0.0,0.0,0.0,0.07155665907846223,0.47576078194903954,0.0,0.0,0.08997248824173966,0.0,0.06357605998118267,0.0559058885837166,0.0,0.0,0.0,0.15305271922363603,0.0,0.0,0.0,0.0,0.0,0.06935201721363823,0.06537958496522074,0.09140721518353381,0.25430423992473067,0.0,0.08997248824173966,0.0,0.14787570738935157,0.0,0.0,0.0,0.0,0.044759113937119316,0.27740806885455294,0.12375130279205886,0.04873154618553682,0.0,0.05458349081893099,0.12715211996236533,0.0,0.0,0.3299844896965234,0.05458349081893099,0.1649922448482617,0.0,0.11457962982998378,0.0,0.0,0.06935201721363823,0.0,0.0,0.0,0.0,0.15995214799972313,0.0,0.4472471086697328,0.0,0.07652635961181802,0.0,0.0
10,0.0,0.0,0.18232192831132954,0.0,0.0,0.0,0.0,0.0,0.0,0.0,0.0,0.0,0.16082012443106955,0.0,0.18232192831132954,0.0,0.10321804151084932,0.0,0.0,0.0,0.0,0.37615792222172184,0.0,0.0,0.0,0.0,0.0,0.0,0.0,0.0,0.0,0.14500374860866894,0.0,0.0,0.0,0.0,0.0,0.12883171374634256,0.0,0.0,0.3485442350211839,0.0,0.0,0.14982904579224962,0.0,0.16082012443106955,0.0,0.0,0.2810724424270198,0.0,0.09261464287312618,0.0,0.0,0.0,0.0,0.14982904579224962,0.18232192831132954,0.0,0.14982904579224962,0.0,0.0,0.0,0.0,0.0,0.3343433623434538,0.0,0.0,0.0,0.0,0.0,0.0,0.3343433623434538,0.1405362212135099,0.23218629899033516,0.1550744424627367,0.0,0.0,0.0,0.0,0.0,0.09875051411569027,0.0,0.0,0.22657747072983409,0.0,0.0,0.0,0.0
11,0.0,0.0,0.0,0.0,0.0,0.0,0.0,0.0,0.0,0.0,0.0,0.16704856140477026,0.0,0.15496023215460838,0.0,0.0,0.0,0.0,0.0,0.0,0.0,0.0,0.0,0.0,0.15496023215460838,0.0,0.0,0.0,0.0,0.0,0.0,0.0,0.0,0.0,0.0,0.0,0.0,0.12873683086628834,0.22641059937220726,0.0,0.0,0.1741437683647046,0.15496023215460838,0.0,0.0,0.0,0.14489695523546478,0.0,0.0,0.0,0.27763930018289834,0.0,0.0,0.0,0.0,0.0,0.0,0.0,0.14971869865048504,0.0,0.18126780685539012,0.0,0.0,0.09867778564756961,0.16704856140477026,0.110527541777961,0.0,0.0,0.0,0.0,0.221055083555922,0.0,0.14043271811607438,0.0,0.0,0.0,0.5617308724642975,0.14489695523546478,0.0,0.0,0.0,0.0,0.14489695523546478,0.22641059937220726,0.3482875367294092,0.0,0.0,0.0
12,0.19357197643556123,0.0,0.0,0.0,0.0,0.0,0.0,0.0,0.0,0.0,0.0,0.0,0.0,0.17224824458984503,0.0,0.0,0.11464897876075067,0.0,0.0,0.19357197643556123,0.0,0.278543821759773,0.0,0.0,0.0,0.0,0.0,0.0,0.17224824458984503,0.0,0.0,0.0,0.17847654052604087,0.0,0.0,0.20251326784172316,0.0,0.0,0.0,0.0,0.0,0.0,0.0,0.0,0.0,0.0,0.0,0.1392719108798865,0.0,0.14715868884128616,0.10287130106590396,0.0,0.0,0.0,0.0,0.16642194365772386,0.0,0.0,0.0,0.20251326784172316,0.10074540124701109,0.0,0.1392719108798865,0.329060077959519,0.18568519847416157,0.3685753716041724,0.0,0.20251326784172316,0.0,0.0,0.12285845720139081,0.0,0.0,0.0,0.0,0.0,0.0,0.0,0.0,0.0,0.10968669265317303,0.0,0.16106226635502574,0.0,0.38714395287112247,0.17224824458984503,0.0,0.0
13,0.0,0.1180271952999286,0.0,0.0,0.36647770283384684,0.0,0.0,0.0,0.0,0.0,0.0,0.263377565517319,0.0,0.12215923427794895,0.0,0.0,0.0,0.0,0.1316887827586595,0.0,0.12668537087731038,0.0987722692328483,0.0,0.0,0.2443184685558979,0.0,0.0,0.0,0.12215923427794895,0.0,0.2872466513615614,0.11422608791080224,0.2531527398627998,0.1180271952999286,0.0,0.0,0.0,0.101486636044175,0.0,0.0,0.13728212136700887,0.0,0.2443184685558979,0.0,0.0,0.12668537087731038,0.0,0.1975445384656966,0.0,0.1043656078411977,0.07295679208406897,0.101486636044175,0.0,0.0,0.1436233256807807,0.1180271952999286,0.0,0.0,0.0,0.0,0.07144909431538649,0.0,0.0987722692328483,0.0,0.0,0.0,0.0,0.0,0.0,0.0,0.1742635472660937,0.0,0.1107068121549695,0.09145188608788923,0.0,0.1180271952999286,0.221413624309939,0.0,0.0,0.0,0.0,0.0,0.0,0.356970883008551,0.0,0.12215923427794895,0.0,0.0
14,0.0,0.0,0.0,0.0,0.0,0.0,0.0,0.0,0.0,0.0,0.0,0.0,0.6060244376649195,0.0,0.0,0.0,0.1944801864343103,0.0,0.0,0.0,0.0,0.0,0.0,0.0,0.0,0.0,0.0,0.0,0.29218638563472193,0.0,0.0,0.27321150111265813,0.0,0.2823031742555271,0.0,0.0,0.0,0.0,0.0,0.0,0.0,0.32835804097483773,0.0,0.0,0.0,0.0,0.0,0.0,0.0,0.0,0.0,0.0,0.0,0.0,0.0,0.0,0.0,0.0,0.0,0.0,0.0,0.0,0.0,0.18606261187085965,0.0,0.2084060051805539,0.0,0.0,0.0,0.0,0.0,0.0,0.26479392654920747,0.0,0.0,0.0,0.0,0.0,0.0,0.0,0.0,0.0,0.0,0.0,0.0,0.0,0.0,0.31497962221456427
15,0.0,0.13955810505318125,0.0,0.0,0.0,0.0,0.0,0.0,0.0,0.14444392419268556,0.0,0.0,0.0,0.0,0.0,0.0,0.0,0.0,0.0,0.0,0.0,0.0,0.0,0.0,0.0,0.0,0.0,0.0,0.0,0.0,0.0,0.0,0.1496668482822732,0.2791162101063625,0.2888878483853711,0.0,0.16232557815997,0.12000016249268201,0.0,0.0,0.16232557815997,0.0,0.0,0.0,0.0,0.0,0.0,0.0,0.0,0.0,0.17253162083768941,0.0,0.0,0.0,0.0,0.0,0.0,0.0,0.0,0.0,0.08448307345677811,0.0,0.0,0.0,0.0,0.10302663879498386,0.12000016249268201,0.16982356585285885,0.0,0.0,0.0,0.0,0.0,0.648809042366845,0.0,0.0,0.1309023135012629,0.0,0.2791162101063625,0.0,0.09198106114966695,0.1006368527015853,0.0,0.0,0.0,0.2888878483853711,0.0,0.0
16,0.0,0.0,0.0,0.0,0.0,0.0,0.2895771955386169,0.0,0.0,0.3485634153442187,0.0,0.0,0.0,0.0,0.0,0.40980804454358516,0.2320049164955615,0.0,0.0,0.0,0.0,0.0,0.0,0.0,0.0,0.0,0.0,0.37575458091396213,0.3485634153442187,0.0,0.0,0.0,0.0,0.0,0.0,0.0,0.0,0.0,0.0,0.0,0.3917143503086109,0.0,0.0,0.0,0.0,0.0,0.0,0.0,0.0,0.0,0.2081714802134409,0.0,0.0,0.0,0.0,0.0,0.0,0.0,0.33677324960662786,0.0,0.0,0.0,0.0,0.0,0.0,0.0,0.0,0.0,0.0,0.0,0.0,0.0,0.0,0.0,0.0,0.0,0.0,0.0,0.0,0.0,0.0,0.0,0.0,0.0,0.0,0.0,0.0,0.0
17,0.0,0.0,0.0,0.0,0.0,0.0,0.3323989610003386,0.0,0.0,0.20005393879107597,0.0,0.0,0.0,0.20005393879107597,0.0,0.0,0.0,0.0,0.0,0.0,0.0,0.0,0.23520458502006328,0.0,0.0,0.0,0.0,0.0,0.20005393879107597,0.23520458502006328,0.0,0.0,0.3109314843735531,0.0,0.0,0.0,0.0,0.0,0.0,0.0,0.0,0.0,0.0,0.38657421919476564,0.0,0.0,0.0,0.0,0.0,0.0,0.11947761218583698,0.0,0.18129889200364155,0.0,0.0,0.0,0.23520458502006328,0.0,0.0,0.0,0.11700853255453242,0.0,0.0,0.0,0.0,0.0,0.0,0.0,0.0,0.0,0.42807376647800255,0.0,0.0,0.0,0.0,0.0,0.0,0.0,0.0,0.22481991858737585,0.12739319898721982,0.0,0.0,0.0,0.0,0.0,0.0,0.21565999362381152
18,0.0,0.0,0.0,0.17197566068167988,0.0,0.0,0.0,0.0,0.0,0.14627439466213166,0.14627439466213166,0.0,0.0,0.0,0.17197566068167988,0.0,0.19472140348127634,0.0,0.0,0.0,0.15169402499251938,0.0,0.0,0.0,0.0,0.0,0.0,0.0,0.0,0.0,0.0,0.13677518496685656,0.0,0.0,0.0,0.0,0.0,0.0,0.0,0.0,0.0,0.0,0.2925487893242633,0.0,0.0,0.0,0.13677518496685656,0.0,0.5302447098218459,0.0,0.0,0.0,0.0,0.0,0.0,0.0,0.0,0.0,0.141326659815865,0.0,0.0,0.13256117745546148,0.11827066514322422,0.0,0.0,0.0,0.12152086857290847,0.0,0.16438265448850578,0.0,0.0,0.1576851483694426,0.0,0.0,0.14627439466213166,0.0,0.0,0.2735503699337131,0.141326659815865,0.0,0.2794400826877292,0.30573652976893984,0.0,0.0,0.16438265448850578,0.0,0.0,0.0
19,0.0,0.0,0.0,0.11685738221593335,0.5963603027666542,0.10307602010749274,0.1651467484380983,0.0,0.0,0.0,0.09939338379444236,0.0,0.0,0.0,0.0,0.0,0.0,0.0,0.0,0.0,0.0,0.08036486248572215,0.0,0.0,0.0,0.0,0.0,0.10714698568241675,0.0,0.0,0.0,0.0,0.0,0.0,0.09939338379444236,0.0,0.11169793800524327,0.0,0.14522252119549556,0.11685738221593335,0.0,0.22339587601048655,0.0,0.09603140024548272,0.0,0.0,0.0929386751821305,0.0,0.09007525901923875,0.0,0.059360411669935956,0.5780136195333441,0.09007525901923875,0.0,0.0,0.0,0.0,0.0,0.0,0.0,0.05813369161185409,0.0,0.0,0.06329313582254416,0.0,0.0,0.0,0.0,0.11169793800524327,0.10714698568241675,0.0,0.10714698568241675,0.0,0.1488174425189564,0.0,0.0,0.0,0.0,0.0,0.0,0.12658627164508832,0.0,0.0,0.07261126059774778,0.0,0.0,0.0,0.0
20,0.0,0.131221219821025,0.0,0.0,0.0,0.0,0.0,0.0,0.15967869051443764,0.0,0.0,0.0,0.0,0.0,0.15967869051443764,0.0,0.09039900937079495,0.0,0.0,0.3052572312613075,0.0,0.21962764802279244,0.0,0.15262861563065375,0.0,0.0,0.0,0.0,0.0,0.0,0.0,0.0,0.14072608961610775,0.0,0.13581517118677586,0.0,0.0,0.11283162446932349,0.0,0.15967869051443764,0.0,0.0,0.0,0.0,0.0,0.0,0.12699519422578512,0.32944147203418866,0.0,0.0,0.0,0.0,0.0,0.0,0.0,0.0,0.0,0.0,0.0,0.0,0.07943624592067342,0.0,0.10981382401139622,0.25945896241337185,0.0,0.0,0.33849487340797046,0.0,0.0,0.0,0.29061618194628264,0.0,0.12308250565944746,0.0,0.0,0.0,0.24616501131889493,0.0,0.0,0.0,0.0,0.0,0.0,0.09921898633178569,0.0,0.40744551356032754,0.0,0.1464100088663864
21,0.16318162636035397,0.0,0.0,0.0,0.29041134163595034,0.0,0.0,0.15653305419519542,0.0,0.14520567081797517,0.0,0.0,0.0,0.0,0.17071915581211874,0.0,0.09664935575507201,0.0,0.0,0.0,0.0,0.0,0.0,0.0,0.29041134163595034,0.0,0.0,0.0,0.0,0.0,0.0,0.1357758651487802,0.07522806938922841,0.0,0.0,0.0,0.0,0.0,0.0,0.0,0.0,0.0,0.0,0.0,0.0,0.0,0.0,0.0,0.13159264641841056,0.24811023393329154,0.0,0.3618990038605919,0.0,0.0,0.0,0.0,0.0,0.0,0.0,0.0,0.08492860757293759,0.2631852928368211,0.0,0.27739841107410707,0.0,0.0,0.2412660025737279,0.0,0.0,0.0,0.0,0.0,0.0,0.21741021127795443,0.0,0.4208822567427618,0.0,0.0,0.0,0.0,0.0,0.10116757618721241,0.0,0.10607916142426699,0.0,0.0,0.17071915581211874,0.0
22,0.0,0.0,0.0,0.0,0.0,0.19825897467840442,0.31764735369744557,0.0,0.0,0.0,0.0,0.0,0.0,0.0,0.0,0.0,0.12724715361742664,0.0,0.0,0.0,0.19825897467840442,0.0,0.0,0.214842585496777,0.0,0.0,0.0,0.20608917087722764,0.0,0.0,0.0,0.0,0.09904419566098581,0.36941835607828055,0.0,0.0,0.0,0.0,0.0,0.2247663885118246,0.0,0.0,0.0,0.0,0.0,0.0,0.0,0.15457577058150354,0.0,0.16332918520105288,0.0,0.0,0.34650597643220094,0.0,0.0,0.0,0.0,0.0,0.0,0.0,0.11181578490532877,0.0,0.15457577058150354,0.2434791758407527,0.0,0.0,0.15882367684872278,0.0,0.0,0.20608917087722764,0.0,0.0,0.0,0.2862391615169275,0.0,0.0,0.0,0.0,0.0,0.0,0.0,0.2663915554868323,0.17876055391315074,0.0,0.0,0.0,0.0,0.0
23,0.0,0.0,0.0,0.0,0.0,0.1938779474325954,0.0,0.0,0.0,0.18695119600418003,0.56085358801254,0.0,0.0,0.0,0.0,0.0,0.0,0.0,0.0,0.0,0.0,0.0,0.21979961374861554,0.0,0.0,0.0,0.21009510194831116,0.0,0.0,0.0,0.0,0.0,0.0,0.1806275673940076,0.0,0.0,0.0,0.0,0.13657611295530897,0.0,0.21009510194831116,0.0,0.0,0.0,0.0,0.1938779474325954,0.0,0.15116003283970406,0.0,0.0,0.11165230051877492,0.0,0.1694245306997445,0.0,0.0,0.0,0.0,0.0,0.0,0.0,0.10934493585056905,0.0,0.0,0.0,0.0,0.0,0.155314071007764,0.0,0.0,0.0,0.0,0.2015351158885751,0.0,0.139956996145441,0.0,0.0,0.1694245306997445,0.1748103929762258,0.0,0.0,0.0,0.0,0.0,0.4097283388659269,0.0,0.0,0.0,0.0
24,0.0,0.3268841370205106,0.0,0.0,0.0,0.0,0.0,0.0,0.0,0.0,0.0,0.0,0.0,0.0,0.0,0.0,0.0,0.0,0.0,0.19010596522845125,0.0,0.0,0.0,0.0,0.1691640463647359,0.0,0.0,0.0,0.0,0.0,0.19888715796335685,0.0,0.0876404106423759,0.0,0.0,0.0,0.0,0.0,0.12358181385355095,0.0,0.0,0.0,0.0,0.0,0.0,0.0,0.47453507740822537,0.0,0.0,0.0,0.0,0.0,0.0,0.0,0.0,0.4903262055307659,0.3977743159267137,0.0,0.1634420685102553,0.0,0.09894150020608136,0.0,0.0,0.0,0.0,0.12065860990226475,0.0,0.0,0.0,0.0,0.12065860990226475,0.0,0.0,0.0,0.0,0.0,0.0,0.15817835913607514,0.0,0.19010596522845125,0.0,0.0,0.0,0.12358181385355095,0.0,0.0,0.0,0.0
25,0.0,0.0,0.0,0.0,0.0,0.0,0.0,0.0,0.281570170667778,0.0,0.0,0.0,0.2483637064519556,0.0,0.0,0.0,0.0,0.0,0.0,0.2691383879305056,0.0,0.0,0.0,0.0,0.0,0.0,0.0,0.0,0.0,0.0,0.0,0.0,0.49630002529402983,0.0,0.0,0.0,0.0,0.0,0.0,0.0,0.0,0.0,0.23949032151460614,0.0,0.0,0.0,0.0,0.0,0.0,0.0,0.28606016886341784,0.0,0.0,0.0,0.0,0.0,0.0,0.0,0.0,0.0,0.0,0.0,0.0,0.15250606095831812,0.0,0.0,0.3979243524129164,0.0,0.0,0.0,0.0,0.0,0.0,0.0,0.23949032151460614,0.0,0.0,0.0,0.23138955574600795,0.0,0.0,0.16685750089127802,0.22393757361699307,0.1749582666598762,0.0,0.0,0.0,0.0
26,0.0,0.0,0.0,0.0,0.0,0.0,0.0,0.0,0.0,0.0,0.0,0.0,0.0,0.0,0.0,0.0,0.0,0.0,0.0,0.0,0.0,0.0,0.0,0.0,0.0,0.0,0.0,0.0,0.0,0.0,0.0,0.0,0.27229690065186546,0.0,0.0,0.0,0.0,0.0,0.3839660796042275,0.0,0.0,0.0,0.0,0.5078110470417333,0.0,0.0,0.24572840672043256,0.0,0.0,0.0,0.0,0.0,0.0,0.0,0.0,0.0,0.0,0.0,0.0,0.0,0.0,0.0,0.0,0.33469212664232384,0.0,0.0,0.0,0.0,0.0,0.0,0.1874418734036781,0.0,0.0,0.0,0.0,0.0,0.0,0.0,0.0,0.0,0.33469212664232384,0.1830940077679558,0.0,0.0,0.295327604855545,0.0,0.0,0.28329495793909926
27,0.0,0.0,0.0,0.0,0.0,0.0,0.0,0.0,0.0,0.0,0.0,0.0,0.0,0.0,0.0,0.0,0.0,0.0,0.0,0.0,0.0,0.0,0.0,0.0,0.0,0.0,0.0,0.0,0.0,0.0,0.0,0.323438675818686,0.08960232778110513,0.0,0.0,0.0,0.0,0.1436830402572016,0.12634831479595177,0.0,0.0,0.0,0.0,0.0,0.20333944339905277,0.0,0.0,0.0,0.0,0.0,0.0,0.5747321610288064,0.0,0.0,0.0,0.0,0.0,0.0,0.0,0.0,0.0,0.4702104227994636,0.0,0.0,0.0,0.0,0.0,0.0,0.0,0.0,0.0,0.0,0.0,0.0,0.3459019011903666,0.33420176123174594,0.0,0.0,0.0,0.0,0.11013417180058968,0.12049824481664143,0.0,0.0,0.0,0.0,0.0,0.0
28,0.0,0.21492287856668177,0.0,0.0,0.0,0.0,0.0,0.0,0.0,0.0,0.0,0.0,0.0,0.0,0.0,0.26153242484659883,0.0,0.0,0.23980009177978523,0.0,0.0,0.0,0.0,0.499970682603452,0.0,0.0,0.0,0.0,0.0,0.0,0.26153242484659883,0.0,0.0,0.0,0.0,0.0,0.0,0.0,0.16250748301212573,0.0,0.0,0.499970682603452,0.0,0.0,0.0,0.0,0.0,0.0,0.0,0.0,0.26570289543614173,0.0,0.0,0.0,0.0,0.0,0.0,0.0,0.0,0.0,0.2602119788108613,0.0,0.0,0.0,0.0,0.0,0.0,0.0,0.0,0.0,0.15866353136874262,0.0,0.0,0.0,0.0,0.0,0.0,0.0,0.0,0.0,0.0,0.0,0.208001211575137,0.16250748301212573,0.0,0.0,0.0,0.0
29,0.0,0.0,0.0,0.0,0.11491283045187137,0.11917047966454586,0.0,0.0,0.2702073727040156,0.0,0.0,0.0,0.0,0.0,0.1351036863520078,0.0,0.1529726899590251,0.1351036863520078,0.12387709250966368,0.0,0.11917047966454586,0.27873949345186066,0.0,0.2582772760481843,0.0,0.1351036863520078,0.12913863802409214,0.0,0.0,0.1351036863520078,0.0,0.0,0.2976698614540571,0.11102590125402285,0.0,0.0,0.0,0.09546651687698239,0.08394890242616124,0.0,0.0,0.0,0.11491283045187137,0.0,0.0,0.0,0.0,0.0,0.0,0.09817470999838201,0.06862904412116465,0.0,0.10413975832629767,0.0,0.0,0.0,0.1351036863520078,0.38741591407227643,0.0,0.0,0.0672107819726719,0.0,0.09291316448395355,0.14635166060117508,0.12387709250966368,0.0,0.09546651687698239,0.0,0.0,0.0,0.3278527010961306,0.0,0.0,0.2580810646686852,0.0,0.0,0.0,0.0,0.11102590125402285,0.0,0.0,0.08006197322831272,0.10745027300522268,0.08394890242616124,0.0,0.0,0.1351036863520078,0.0
30,0.0,0.0,0.0,0.14434694212755617,0.36832412500719547,0.12732364893902595,0.0,0.13235226947718742,0.0,0.0,0.0,0.13235226947718742,0.0,0.0,0.0,0.0,0.0,0.0,0.0,0.13797378896625517,0.12732364893902595,0.0,0.0,0.0,0.12277470833573183,0.14434694212755617,0.0,0.0,0.0,0.0,0.0,0.0,0.12721409881437448,0.0,0.0,0.0,0.0,0.0,0.089692351758697,0.0,0.0,0.0,0.0,0.0,0.0,0.0,0.0,0.0,0.11126458555052135,0.0,0.07332436980451076,0.7139856884141522,0.0,0.0,0.0,0.0,0.0,0.0,0.0,0.0,0.0,0.11126458555052135,0.0,0.0,0.0,0.0,0.0,0.0,0.0,0.0,0.0,0.0,0.0,0.18382529503494016,0.0,0.0,0.11126458555052135,0.1148015924499938,0.0,0.0,0.0,0.17107898871233815,0.0,0.089692351758697,0.0,0.24554941667146366,0.0,0.0
31,0.0,0.0,0.0,0.0,0.0,0.0,0.0,0.0,0.0,0.0,0.0,0.0,0.0,0.0,0.0,0.0,0.0,0.0,0.0,0.0,0.0,0.0,0.0,0.0,0.0,0.0,0.0,0.32881639880668323,0.0,0.0,0.0,0.0,0.0,0.0,0.0,0.0,0.0,0.0,0.0,0.0,0.0,0.0,0.0,0.0,0.0,0.0,0.0,0.0,0.0,0.0,0.0,0.7602121340632364,0.2764260898582214,0.0,0.0,0.0,0.0,0.0,0.29470450335090226,0.0,0.0,0.0,0.2466264870154529,0.0,0.0,0.0,0.0,0.0,0.0,0.0,0.0,0.0,0.0,0.22834807352277214,0.0,0.0,0.0,0.0,0.0,0.0,0.19423617806699112,0.0,0.0,0.0,0.0,0.0,0.0,0.0
32,0.1521342696197604,0.13079620982997547,0.0,0.0,0.1353752819312941,0.0,0.0,0.0,0.0,0.4061258457938823,0.0,0.0,0.28078217582904774,0.0,0.0,0.0,0.0,0.0,0.0,0.0,0.0,0.0,0.0,0.0,0.1353752819312941,0.0,0.0,0.0,0.0,0.15916151014590502,0.0,0.0,0.21040544171611775,0.0,0.0,0.0,0.0,0.0,0.09889762778512434,0.0,0.0,0.0,0.0,0.0,0.0,0.0,0.253167743662338,0.21891630008038113,0.12268385599973526,0.0,0.4042488623787348,0.0,0.0,0.0,0.0,0.0,0.0,0.0,0.0,0.0,0.0,0.12268385599973526,0.10945815004019056,0.0862062018535655,0.0,0.0,0.0,0.0,0.3042685392395208,0.0,0.0,0.0,0.0,0.10134579620995036,0.0,0.0,0.24536771199947052,0.0,0.0,0.0,0.172412403707131,0.09431855568380573,0.0,0.0,0.0,0.2707505638625882,0.0,0.0
33,0.0,0.0,0.2222716062362917,0.0,0.0,0.0,0.15706082210624728,0.0,0.0,0.0,0.0,0.0,0.0,0.0,0.0,0.0,0.25166956154615283,0.0,0.20380169536059037,0.0,0.0,0.15286006524305482,0.0,0.0,0.0,0.0,0.0,0.20380169536059037,0.0,0.0,0.0,0.0,0.2938345800327353,0.0,0.0,0.0,0.0,0.15706082210624728,0.13811212623332894,0.0,0.0,0.0,0.0,0.0,0.0,0.0,0.0,0.15286006524305482,0.0,0.0,0.11290800631100546,0.0,0.0,0.0,0.0,0.0,0.0,0.6373738557953591,0.0,0.0,0.11057469169671524,0.0,0.0,0.0,0.0,0.2696904446103621,0.0,0.0,0.0,0.0,0.0,0.0,0.0,0.0,0.0,0.0,0.1713299761187561,0.0,0.0,0.0,0.0,0.2634347569397701,0.0,0.0,0.0,0.0,0.0,0.0
34,0.0,0.0,0.0,0.0,0.0,0.0,0.0,0.0,0.0,0.0,0.0,0.0,0.0,0.0,0.0,0.0,0.3328353346193352,0.0,0.0,0.0,0.0,0.0,0.0,0.0,0.0,0.0,0.0,0.0,0.0,0.0,0.0,0.15585896445616823,0.0,0.16104549121456121,0.0,0.0,0.0,0.0,0.0,0.0,0.0,0.0,0.0,0.16104549121456121,0.0,0.0,0.31171792891233646,0.0,0.6042279628517447,0.0,0.0,0.0,0.0,0.0,0.0,0.0,0.0,0.0,0.0,0.0,0.0,0.30211398142587237,0.0,0.10614313779654633,0.0,0.11888937333020293,0.0,0.0,0.18731841093355484,0.0,0.0,0.0,0.0,0.0,0.0,0.32209098242912243,0.0,0.0,0.16104549121456121,0.0,0.21228627559309265,0.0,0.15585896445616823,0.0,0.0,0.0,0.0,0.0
35,0.0,0.0,0.0,0.0,0.0,0.0,0.0,0.0,0.0,0.0,0.0,0.0,0.0,0.0,0.0,0.0,0.1241082174736669,0.0,0.0,0.0,0.0,0.0,0.0,0.0,0.0,0.0,0.0,0.0,0.0,0.0,0.0,0.0,0.19320194165686413,0.0,0.186459773389035,0.0,0.0,0.0,0.0,0.0,0.0,0.0,0.186459773389035,0.0,0.0,0.0,0.0,0.0,0.16897917893026812,0.0,0.0,0.0,0.33795835786053624,0.2192218453079483,0.0,0.0,0.0,0.0,0.7206110686415991,0.0,0.0,0.16897917893026812,0.0,0.0,0.0,0.132995027863688,0.15490581019652133,0.0,0.0,0.0,0.0,0.0,0.0,0.0,0.0,0.0,0.0,0.0,0.18015276716039977,0.0,0.0,0.12991010078271958,0.0,0.0,0.0,0.0,0.2192218453079483,0.0
36,0.29769426025782414,0.2559402363923678,0.0,0.0,0.0,0.0,0.0,0.0,0.0,0.0,0.2649005021186656,0.28556518778426715,0.0,0.0,0.0,0.0,0.35263723138001246,0.0,0.0,0.0,0.0,0.0,0.0,0.0,0.0,0.0,0.0,0.0,0.0,0.31144506850972575,0.0,0.0,0.411718493686216,0.0,0.0,0.0,0.0,0.0,0.0,0.0,0.0,0.0,0.0,0.0,0.0,0.0,0.0,0.0,0.24006609325237005,0.0,0.0,0.0,0.0,0.0,0.0,0.0,0.0,0.0,0.0,0.0,0.3098726194862255,0.0,0.0,0.0,0.0,0.0,0.22007227701892243,0.0,0.0,0.0,0.18894396909338218,0.0,0.0,0.0,0.0,0.2559402363923678,0.0,0.0,0.0,0.0,0.0,0.0,0.0,0.0,0.0,0.0,0.0,0.0
37,0.0,0.0,0.0,0.0,0.0,0.0,0.14204311360656574,0.0,0.0,0.0,0.0,0.0,0.0,0.34195394918954397,0.0,0.0,0.0,0.0,0.0,0.0,0.0,0.0,0.0,0.0,0.0,0.0,0.0,0.18431475767860236,0.17097697459477199,0.0,0.0,0.0,0.6200575601093212,0.0,0.0,0.0,0.1921433276495287,0.0,0.2498124761340437,0.2010186282787807,0.0,0.0,0.0,0.0,0.0,0.17731186320909248,0.0,0.0,0.0,0.0,0.10211206431019354,0.0,0.0,0.2010186282787807,0.0,0.0,0.0,0.0,0.0,0.0,0.10000185459402842,0.0,0.0,0.10887715522328041,0.18431475767860236,0.24390341237664487,0.0,0.0,0.0,0.0,0.12195170618832243,0.0,0.0,0.0,0.0,0.0,0.0,0.0,0.0,0.0,0.21775431044656082,0.0,0.0,0.12490623806702185,0.0,0.0,0.0,0.0
38,0.0,0.0,0.15241160011515031,0.0,0.0,0.0,0.10769657725497478,0.0,0.15241160011515031,0.0,0.0,0.0,0.2688744324094972,0.0,0.0,0.0,0.0,0.0,0.0,0.0,0.0,0.20963223807032808,0.0,0.0,0.0,0.15241160011515031,0.14568237913702625,0.0,0.0,0.0,0.0,0.12121555291146467,0.0,0.0,0.0,0.0,0.0,0.0,0.0,0.0,0.0,0.0,0.0,0.0,0.0,0.1344372162047486,0.0,0.10481611903516404,0.0,0.0,0.0,0.0,0.0,0.0,0.0,0.0,0.0,0.7284118956851312,0.0,0.0,0.0,0.0,0.10481611903516404,0.08255026703571144,0.0,0.0,0.21539315450994956,0.0,0.0,0.0,0.09246334449739606,0.0,0.11748093357543088,0.0970478035244998,0.12963412646860326,0.12524924908609514,0.0,0.0,0.0,0.0,0.24765080110713433,0.0903185825463757,0.0,0.09470345992888382,0.0,0.0,0.0,0.0
39,0.0,0.0,0.0,0.0,0.13142786596666603,0.0,0.10918676822313164,0.0,0.0,0.0,0.26285573193333206,0.14168045331995588,0.13629741576242038,0.26285573193333206,0.0,0.30904102025249525,0.08747880507962763,0.0,0.0,0.0,0.0,0.2125329065573805,0.15452051012624762,0.0,0.13142786596666603,0.0,0.0,0.0,0.0,0.0,0.0,0.0,0.27236028909677074,0.0,0.13142786596666603,0.0,0.0,0.10918676822313164,0.0,0.0,0.0,0.29539635465609204,0.0,0.0,0.0,0.0,0.0,0.10626645327869025,0.0,0.11228417728678038,0.07849226911136405,0.0,0.0,0.0,0.0,0.12698231530336812,0.0,0.0,0.12698231530336812,0.15452051012624762,0.15374035449102946,0.0,0.10626645327869025,0.08369251004371635,0.0,0.28122826246011656,0.0,0.0,0.0,0.0,0.0,0.0,0.0,0.0,0.0,0.3809469459101044,0.0,0.0,0.0,0.14769817732804602,0.08369251004371635,0.09156831526210249,0.12289280512089328,0.09601386592540037,0.0,0.0,0.0,0.0
40,0.0,0.0,0.23647790555109194,0.0,0.0,0.20858931532901134,0.0,0.0,0.23647790555109194,0.0,0.4022739304892762,0.0,0.0,0.2011369652446381,0.0,0.0,0.0,0.0,0.0,0.0,0.0,0.0,0.0,0.0,0.0,0.23647790555109194,0.0,0.0,0.0,0.0,0.0,0.0,0.0,0.0,0.0,0.4729558111021839,0.0,0.0,0.0,0.0,0.0,0.0,0.0,0.0,0.23647790555109194,0.0,0.0,0.0,0.0,0.0,0.0,0.0,0.18228038478117942,0.23647790555109194,0.0,0.1943335026556327,0.0,0.0,0.0,0.0,0.0,0.0,0.0,0.0,0.0,0.14346373918043906,0.0,0.0,0.0,0.0,0.14346373918043906,0.0,0.0,0.0,0.0,0.0,0.0,0.18807492376606402,0.1943335026556327,0.0,0.25616572802253385,0.0,0.0,0.0,0.0,0.0,0.0,0.0
41,0.0,0.16758202721684967,0.0,0.0,0.0,0.0,0.0,0.0,0.0,0.0,0.0,0.0,0.0,0.0,0.0,0.2039249345207953,0.0,0.0,0.0,0.0,0.0,0.2804854774153767,0.0,0.0,0.0,0.0,0.0,0.0,0.0,0.0,0.0,0.16218498901459455,0.0,0.0,0.0,0.0,0.0,0.0,0.12671211935508486,0.0,0.194921315726011,0.0,0.0,0.16758202721684967,0.0,0.0,0.0,0.0,0.0,0.444553479966254,0.31076516947515453,0.0,0.0,0.0,0.2039249345207953,0.0,0.0,0.194921315726011,0.0,0.0,0.30434301275447495,0.0,0.0,0.0,0.0,0.3711446134931872,0.0,0.0,0.0,0.0,0.0,0.0,0.15718811211686895,0.0,0.0,0.16758202721684967,0.0,0.0,0.0,0.0,0.0,0.12084520481292334,0.0,0.0,0.0,0.1734489417590112,0.2039249345207953,0.0
42,0.0,0.0,0.0,0.145072114285507,0.0,0.0,0.0,0.26603436526661706,0.0,0.0,0.0,0.0,0.0,0.12339150560814602,0.0,0.0,0.0,0.0,0.0,0.0,0.0,0.09976862645720033,0.145072114285507,0.0,0.0,0.0,0.0,0.0,0.0,0.0,0.145072114285507,0.0,0.06392659937894025,0.0,0.0,0.0,0.0,0.0,0.18028589886407564,0.0,0.0,0.0,0.0,0.0,0.0,0.12796329924195854,0.0,0.19953725291440066,0.0,0.0,0.07369273778444714,0.3075311226682392,0.0,0.0,0.0,0.11921778502334443,0.0,0.27733388717897706,0.0,0.0,0.0,0.2236471162187976,0.0,0.07857500193329062,0.13301718263330853,0.0,0.0,0.0,0.0,0.0,0.0,0.26603436526661706,0.0,0.0,0.0,0.0,0.0,0.3461350028186911,0.0,0.0,0.0,0.0,0.0,0.5408576965922269,0.0,0.0,0.0,0.0
43,0.0,0.0,0.0,0.0,0.0,0.0,0.0,0.0,0.0,0.0,0.0,0.0,0.0,0.0,0.0,0.0,0.20567243080706385,0.0,0.0,0.0,0.0,0.0,0.0,0.0,0.0,0.0,0.0,0.0,0.0,0.0,0.0,0.0,0.8004367838423544,0.0,0.0,0.0,0.0,0.0,0.225739311117539,0.0,0.0,0.0,0.0,0.0,0.0,0.0,0.0,0.0,0.0,0.0,0.36908816422450325,0.0,0.0,0.0,0.0,0.0,0.0,0.0,0.0,0.0,0.18073036315783841,0.0,0.0,0.0,0.0,0.22039967395214344,0.0,0.0,0.0,0.0,0.22039967395214344,0.0,0.0,0.0,0.0,0.0,0.0,0.0,0.0,0.0,0.0,0.0,0.0,0.0,0.0,0.0,0.0,0.0
44,0.0,0.0,0.0,0.0,0.24548714497888055,0.0,0.0,0.13231870474732865,0.0,0.0,0.0,0.0,0.0,0.0,0.0,0.0,0.0,0.0,0.0,0.0,0.0,0.0,0.0,0.0,0.12274357248944028,0.0,0.0,0.0,0.0,0.1443103355311027,0.1443103355311027,0.0,0.06359091856606983,0.2371835365152937,0.0,0.0,0.0,0.10197208865647113,0.0,0.0,0.0,0.0,0.0,0.0,0.0,0.0,0.0,0.0,0.0,0.0,0.21991732391002092,0.5098604432823557,0.0,0.0,0.0,0.0,0.0,0.0,0.0,0.0,0.07179086492512962,0.11123636868826728,0.09924473790449323,0.07816240184543186,0.13231870474732865,0.262645682979496,0.0,0.0,0.0,0.0,0.08754856099316534,0.0,0.11123636868826728,0.45944669167556834,0.0,0.0,0.22247273737653456,0.0,0.0,0.0,0.1563248036908637,0.17103560282962285,0.114772478597597,0.0,0.13793879861080047,0.0,0.0,0.0
45,0.0,0.0,0.0,0.0,0.0,0.10556897352753467,0.08457045923891224,0.10973839776958898,0.0,0.10179727051612113,0.0,0.0,0.0,0.0,0.0,0.0,0.13551317324708723,0.0,0.0,0.0,0.0,0.0,0.11968364588374429,0.0,0.0,0.0,0.0,0.0,0.0,0.0,0.0,0.0,0.10547814127205316,0.0,0.0,0.0,0.0,0.0,0.0,0.11968364588374429,0.0,0.0,0.0,0.09835397544215534,0.0,0.0,0.09518645102667551,0.08230853336645708,0.09225378148061239,0.08696955311472171,0.0,0.5919932146723856,0.09225378148061239,0.0,0.0,0.0,0.0,0.0,0.09835397544215534,0.0,0.0,0.0,0.0,0.0,0.0,0.0,0.0,0.0,0.11439941751785361,0.5486919888479449,0.0,0.0,0.09225378148061239,0.07620833940491413,0.10179727051612113,0.29506192632646605,0.0,0.09518645102667551,0.19670795088431067,0.0,0.06482391707748049,0.0,0.0,0.0,0.11439941751785361,0.0,0.0,0.0
46,0.0,0.0,0.0,0.0,0.0,0.0,0.0,0.0,0.0,0.0,0.0,0.0,0.0,0.0,0.0,0.0,0.4073559806076533,0.0,0.0,0.0,0.0,0.0,0.0,0.0,0.0,0.0,0.0,0.0,0.0,0.0,0.0,0.0,0.0,0.0,0.6120102711884271,0.0,0.0,0.0,0.0,0.0,0.0,0.0,0.0,0.0,0.0,0.0,0.0,0.0,0.0,0.0,0.0,0.0,0.5546343387779357,0.0,0.0,0.0,0.0,0.0,0.0,0.0,0.0,0.0,0.0,0.0,0.0,0.0,0.0,0.0,0.0,0.0,0.0,0.0,0.0,0.0,0.0,0.0,0.0,0.0,0.0,0.0,0.3897246249230439,0.0,0.0,0.0,0.0,0.0,0.0,0.0
47,0.0,0.0,0.0,0.0,0.7319264069818315,0.0,0.20268831719391986,0.0,0.0,0.0,0.0,0.0,0.0,0.0,0.0,0.0,0.06495633886879083,0.0,0.0,0.16450726861364476,0.0,0.1183603229937577,0.05736867695439314,0.0,0.0,0.0,0.0,0.0,0.0,0.0,0.0,0.0,0.0,0.047144598601233746,0.0,0.0,0.0,0.0,0.0,0.0,0.0,0.16450726861364476,0.04879509379878877,0.047144598601233746,0.05736867695439314,0.05060300673486255,0.0,0.0,0.044220556187963396,0.0,0.029141747114270193,0.4053766343878397,0.044220556187963396,0.0,0.0,0.0,0.0,0.0,0.0,0.0,0.028539514671688766,0.0,0.0,0.03107243542153365,0.0,0.06960755922234545,0.0,0.22947470781757257,0.0,0.0,0.0,0.0,0.0,0.29223518867719117,0.04879509379878877,0.0,0.0,0.04562629020082516,0.0,0.05483575620454825,0.0621448708430673,0.067992955669608,0.0,0.0,0.0,0.04879509379878877,0.0,0.05260156176434898
48,0.1688540176775199,0.14517087821161528,0.0,0.0,0.0,0.1558202454958655,0.24965270154622354,0.16197433307732584,0.35330712159631206,0.0,0.0,0.0,0.0,0.0,0.0,0.17665356079815603,0.20001800924755092,0.17665356079815603,0.0,0.0,0.0,0.0,0.0,0.0,0.0,0.0,0.0,0.0,0.15025319611063429,0.0,0.0,0.0,0.07784308835385303,0.14517087821161528,0.30050639222126857,0.0,0.1688540176775199,0.0,0.0,0.0,0.1688540176775199,0.0,0.15025319611063429,0.0,0.0,0.0,0.14049559895539063,0.0,0.0,0.12836742334590473,0.17947052882909473,0.24965270154622354,0.0,0.0,0.17665356079815603,0.0,0.0,0.1688540176775199,0.14517087821161528,0.0,0.08788082901428956,0.0,0.12148773874571069,0.19136074426985142,0.0,0.0,0.0,0.0,0.0,0.0,0.0,0.0,0.0,0.22496765400127258,0.0,0.0,0.0,0.0,0.0,0.1688540176775199,0.09568037213492571,0.0,0.14049559895539063,0.10976660177901913,0.0,0.0,0.0,0.0
49,0.0,0.0,0.2572255398283301,0.0,0.0,0.0,0.0,0.0,0.0,0.0,0.4375678509492381,0.0,0.0,0.0,0.0,0.0,0.14562327578235335,0.0,0.0,0.0,0.0,0.0,0.0,0.24586861228859996,0.0,0.0,0.0,0.0,0.0,0.2572255398283301,0.0,0.0,0.11334744871971611,0.0,0.0,0.0,0.0,0.0,0.0,0.2572255398283301,0.0,0.0,0.0,0.0,0.0,0.22689011522192484,0.0,0.0,0.0,0.0,0.0,0.0,0.0,0.0,0.0,0.0,0.0,0.0,0.0,0.0,0.0,0.0,0.0,0.13932034691054287,0.0,0.1560506791130483,0.1817598542443268,0.0,0.0,0.0,0.0,0.47170218450058876,0.0,0.0,0.21878392547461906,0.0,0.0,0.20457587224124696,0.0,0.0,0.13932034691054287,0.0,0.0,0.0,0.0,0.0,0.0,0.23585109225029438
50,0.15287610260839002,0.0,0.0,0.0,0.0,0.0,0.0,0.1466474123863945,0.0,0.13603539519987368,0.27207079039974735,0.0,0.14107565911984726,0.0,0.0,0.0,0.0,0.0,0.0,0.0,0.14107565911984726,0.1099918868949908,0.0,0.0,0.13603539519987368,0.15993760917370092,0.15287610260839002,0.0,0.13603539519987368,0.0,0.0,0.0,0.4933399683557165,0.1314339947516904,0.0,0.15993760917370092,0.0,0.0,0.29813960912540993,0.0,0.0,0.0,0.0,0.0,0.15993760917370092,0.0,0.12720111666487757,0.1099918868949908,0.0,0.11622057711698631,0.08124400993779685,0.1130145807099839,0.0,0.0,0.0,0.0,0.0,0.0,0.0,0.0,0.15913010325116522,0.12328208368229723,0.1099918868949908,0.1732531163817871,0.0,0.1940582769808186,0.1130145807099839,0.0,0.0,0.1466474123863945,0.0970291384904093,0.0,0.12328208368229723,0.0,0.13603539519987368,0.0,0.0,0.0,0.0,0.0,0.0,0.09477846926028671,0.12720111666487757,0.0,0.0,0.13603539519987368,0.0,0.1466474123863945
51,0.0,0.0,0.0,0.0,0.0,0.0,0.0,0.0,0.0,0.0,0.131150746187805,0.1413817156389917,0.0,0.0,0.15419469878265832,0.0,0.0,0.0,0.0,0.0,0.0,0.0,0.0,0.0,0.0,0.0,0.0,0.0,0.0,0.0,0.0,0.0,0.2038395066615524,0.0,0.0,0.0,0.0,0.0,0.09581141767671934,0.0,0.0,0.2947735021744166,0.0,0.0,0.15419469878265832,0.0,0.0,0.10604238712790602,0.0,0.11204742257612263,0.0,0.43582617798665574,0.0,0.0,0.0,0.0,0.0,0.0,0.0,0.15419469878265832,0.07670809406503695,0.23771074054314528,0.0,0.16703208352097396,0.0,0.1870901892302345,0.0,0.0,0.4421602532616249,0.0,0.0,0.0,0.0,0.19636637658384307,0.0,0.3801437073226715,0.0,0.0,0.0,0.0,0.16703208352097396,0.0913752405964715,0.0,0.0,0.0,0.0,0.0,0.0
